12/7/2015,Ameya,Kanitkar,Groupon,5/1/2011,ameyakanitkar@gmail.com,https://www.linkedin.com/in/ameyakanitkar,Experience with big data,Data Engineer,,,,,Yes,1/4/2014,,
12/7/2015,Carlos,Felipe Castro,Pivotal,4/1/2013,N/A,https://www.linkedin.com/in/cfcastro24,"Has experience with Hive, data warehouses and business intelligence",Data Engineer,,,,,,,,
12/7/2015,Yasser,Ahmad,Facebook,11/1/2014,N/A,https://www.linkedin.com/in/ahmadyasser,Has significant experience with big data,Data Engineer,,,,,,,,
12/7/2015,Aris,Vlasakakis,Credit Karma,2014,arisofalaska@gmail.com,https://www.linkedin.com/in/arisvlasakakis,Experience with big data and finance,Data Engineer,,,,,Yes,1/4/2014,,
12/7/2015,David,Clubb,Chartboost,6/1/2014,david.clubb@gmail.com,https://www.linkedin.com/in/dclubb,Experience with big data,Data Engineer,,,,,Yes,1/4/2014,,
12/7/2015,Daniel,Gies,Pandora,8/1/2014,dfgies@gmail.com,https://www.linkedin.com/in/danielgies,Experience with big data and data warehouses,Data Engineer,,,,,Yes,1/4/2014,,
12/7/2015,Logasubramani,Gunasekaran,LinkedIn,10/1/2014,glogasubramani@gmail.com,https://www.linkedin.com/in/logasubramanigunasekaran,"Experience with big data, ETL and transactions",Data Engineer,,,,,Yes,1/4/2014,,
12/7/2015,John,Lee,Netflix,2011,N/A,https://www.linkedin.com/in/leejohnc,"Experience with big data, Hadoop, cloud",Data Engineer,,,,,,,,
12/7/2015,Prashant ,Gokhale,Salesforce,1/1/2015,gokhale3@gmail.com,https://www.linkedin.com/in/prashantgokhale,Experience with big data,Data Engineer,,,,,Yes,1/4/2014,,
12/7/2015,James,Zalman,Scipps Networks,11/1/2014,james.zalman.997@gmail.com,https://www.linkedin.com/in/jameszalman,Experience with big data and data models,Data Engineer,,,,,Yes,1/4/2014,,
12/7/2015,Jeremiah,Lu,Uber,11/1/2014,jeremiah.lu@gmail.com,https://www.linkedin.com/in/jeremiahlu,Experience with big data and cloud services,Data Engineer,,,,,Yes,1/4/2014,,
12/7/2015,Olivier,Gougaud,Lending Club,6/1/2015,N/A,https://www.linkedin.com/in/oliviergougaud,"Significant experience with big data, solid finance experience",Data Engineer,,,,,,,,
12/7/2015,Jyothy,Venkateswaran,Groupon,10/1/2015,jyothyv@yahoo.com,https://www.linkedin.com/in/jyothyv,"Experience with big data, ETL and transactions",Data Engineer,,,,,Yes,1/4/2014,,
12/7/2015,Kartik,Sayee,Teespring,2/1/2015,kartiksayee@gmail.com,https://www.linkedin.com/in/kartiksayee,"Experience with big data, ETL and data warehousing",Data Engineer,,,,,Yes,1/4/2014,,
12/7/2015,Mike,Doherty,Reddit,10/1/2014,mbdoherty@gmail.com,https://www.linkedin.com/in/mike-doherty-a9a58434,Experience with big data and cloud infrastructure,Data Engineer,,,,,Yes,1/4/2014,,
12/7/2015,Siva,Pandeti,Nextdoor,9/1/2015,psivah@gmail.com,https://www.linkedin.com/in/sivapandeti,Experience with big data and ETL,Data Engineer,,,,,Yes,1/4/2014,,
12/7/2015,Kabindra,Senapati,Cognizant,6/1/2011,s.kabindra@gmail.com,https://www.linkedin.com/in/kabindra-senapati-9aa85a2a,Experience with big data and ETL,Data Engineer,,,,,Yes,1/4/2014,,
12/7/2015,Siddharth,Kumar,Airbnb,6/1/2014,s.siddharth87@gmail.com,https://www.linkedin.com/in/ssiddharthkumar,Experience with big data and finance,Data Engineer,,,,,Yes,1/4/2014,,
12/7/2015,Shashi,V,Bank of America,5/1/2012,N/A,https://www.linkedin.com/in/shashi-v-a964a597,Experience with big data and finance,Data Engineer,,,,,,,,
12/7/2015,Nirmal,Sharma,Walmart Labs,5/1/2015,sharma.nirmal@gmail.com,https://www.linkedin.com/in/nirmalexperience,Experience with big data and finance,Data Engineer,,,,,Yes,1/4/2014,,
12/7/2015,Kang,Tu,Apple,3/1/2015,tninja@gmail.com,http://www.linkedin.com/profile/view?id=59303436,"Big data, analytics and research experience",Data Engineer,,,,,Yes,1/4/2014,,
12/7/2015,Joel,Valverde,Netflix,9/1/2013,valverde311@gmail.com,https://www.linkedin.com/in/joel-valverde-02b21311,"Has experience with Hive, data warehouses and business intelligence",Data Engineer,,,,,Yes,1/4/2014,,
12/7/2015,Vasantkumar,Patel,Chegg,7/1/2013,vasantkumar.g.patel@gmail.com,https://www.linkedin.com/in/vasant-patel-6369537,Experience with big data and cloud infrastructure,Data Engineer,,,,,Yes,1/4/2014,,
12/7/2015,Vladimir,Khalatyan,Tango Me,5/1/2014,vkhalatyan@gmail.com,https://www.linkedin.com/in/vkhalatyan,Experience with big data,Data Engineer,,,,,Yes,1/4/2014,,
12/7/2015,Bo,Wang,Facebook,6/1/2014,wangbill@gmail.com,https://www.linkedin.com/profile/view?id=61169298,Experience with big data and data warehouses,Data Engineer,,,,,Yes,1/4/2014,,
12/7/2015,Steven,Zhang,Lyft,2/1/2015,zhangyeseven@gmail.com,https://www.linkedin.com/in/solste7en,"Significant experience with big data, fintech experience",Data Engineer,,,,,Yes,1/4/2014,,
12/8/2015,Ashok,Agarwal,Bazaarvoice,2/1/2014,ashokagarwal007@gmail.com,https://www.linkedin.com/in/erashokagarwal,Significant experience with big data,Data Engineer,,,,,Yes,1/4/2014,,
12/8/2015,Chidrup,Jhanjhari,Shutterfly,5/1/2013,c@jhanjhari.com,https://www.linkedin.com/in/jhanjhari,"Significant experience with big data, warehouse design, analytics",Data Engineer,,,,,Yes,1/4/2014,,
12/8/2015,Eric,Sun,LinkedIn,1/1/2012,eric.sun@goldenorbit.com,https://www.linkedin.com/in/ericsun,Big data and database design experience,Data Engineer,,,,,Yes,1/4/2014,,
12/8/2015,Guarang,Katre,LRNG,10/1/2015,gkatre@gmail.com,https://www.linkedin.com/in/gaurangkatre,"Experience with big data, Hive, Hadoop",Data Engineer,,,,,Yes,1/4/2014,,
12/8/2015,Brenda,Sheng,Facebook,12/1/2014,N/A,https://www.linkedin.com/in/brenda-sheng-b146224,"Resume somewhat descriptive. Experience with big data, ETL, data warehousing and some fintech",Data Engineer,,,,,,,,
12/8/2015,Hong,Liu,YellowPages,3/1/2011,hliu169@gmail.com,https://www.linkedin.com/in/hong-liu-9460566,Significant experience with big data,Data Engineer,,,,,Yes,1/4/2014,,
12/8/2015,Jeff,Tarn,Netflix,9/1/2015,jefftarn@gmail.com,https://www.linkedin.com/in/jefftarn,Data warehouse design and hadoop experience,Data Engineer,,,,,Yes,1/4/2014,,
12/8/2015,Jeff,Legge,Verve,5/1/2013,jetlag11235@gmail.com,https://www.linkedin.com/in/jetlag11235,Experience with big data and scripts,Data Engineer,,,,,Yes,1/4/2014,,
12/8/2015,Kevin,Tham,Workday,2/1/2014,kevinmjt@gmail.com,https://www.linkedin.com/in/kevinmjt,Big data and analytics experience,Data Engineer,,,,,Yes,1/4/2014,,
12/8/2015,Deepak,Yadav,Ask.com,8/1/2015,N/A,https://www.linkedin.com/in/deepak-yadav-a219b517,Big data and database design experience,Data Engineer,,,,,,,,
12/8/2015,Marcin,Michalski,if(we),3/1/2014,macmarcin@gmail.com,https://www.linkedin.com/in/michalskimarcin,Big data and database design experience,Data Engineer,,,,,Yes,1/4/2014,,
12/8/2015,Nitin,Kumar,HGST,2/1/2015,nitinkr001@gmail.com,https://www.linkedin.com/in/nitins30,Big data and database design experience,Data Engineer,,,,,Yes,1/4/2014,,
12/8/2015,Rahul,Bhatia,Capital One,3/1/2014,rahulbhatia2702@gmail.com,https://www.linkedin.com/in/rahul-bhatia-97a0b216,Experience with big data and finance,Data Engineer,,,,,Yes,1/4/2014,interested,phone screen
12/8/2015,Rathinavel,Sivaswamy,GE,1/1/2015,rathna023@gmail.com,https://www.linkedin.com/in/rathinavel-sivaswamy-0b870887,Big data and analytics experience,Data Engineer,,,,,Yes,1/4/2014,,
12/8/2015,Sotiris,Matzanas,Trulia,1/1/2015,sotirismatzanas@gmail.com,https://www.linkedin.com/in/matzanas,Big data and database design experience,Data Engineer,,,,,Yes,1/4/2014,,
12/8/2015,Urvish,Mahida,Loggly,9/1/2015,urvishmahida@gmail.com,https://www.linkedin.com/in/urvish-mahida-b1b61b27,Big data and database design experience,Data Engineer,,,,,Yes,1/4/2014,,
12/8/2015,Ananth,PackkilDurai,Bazaarvoice,1/1/2015,vananth22@gmail.com,https://www.linkedin.com/in/ananthdurai,Big data and database design experience,Data Engineer,,,,,Yes,1/4/2014,,
12/8/2015,Wei,Chung,Skyhigh Networks,3/1/2015,wei.shung.chung@gmail.com,https://www.linkedin.com/in/wei-shung-chung-01326a7,"Experience with big data, Hive, Hadoop",Data Engineer,,,,,Yes,1/4/2014,,
12/8/2015,Hazarth,Darapaneni,Groupon,10/1/2014,N/A,https://www.linkedin.com/in/hazarathdarapaneni,Data warehouse design and hadoop experience,Data Engineer,,,,,,,,
12/8/2015,Yash,Ranadive,Lookout,5/1/2013,yashranadive@gmail.com,https://www.linkedin.com/in/yashranadive,Big data and database design experience,Data Engineer,,,,,Yes,1/4/2014,,
12/8/2015,Brian,Donaldson,Amina,5/1/2015,N/A,https://www.linkedin.com/in/briantd,"Significant experience with big data, data warehouses, ETL",Data Engineer,,,,,,,,
12/8/2015,Julia,Chen,BitTorrent,1/1/2015,yulia1029@gmail.com,https://www.linkedin.com/in/julia-chen-86299045,"Experience with big data, Hive, Hadoop and analytics",Data Engineer,,,,,Yes,1/4/2014,,
12/8/2015,Ajit,Kumar Punnakula,GE,2/1/2015,N/A,https://www.linkedin.com/in/ajith-kumar-punnakula-83366155,Big data and database design experience,Data Engineer,,,,,,,,
12/8/2015,Batuhan,Ulug,RadiumOne,8/1/2015,N/A,https://www.linkedin.com/in/batuhan-ulug-179724,"Significant experience with big data, DW design, architecture",Data Engineer,,,,,Yes,1/4/2014,,
12/9/2015,Abhinav ,Chowdary,Amino,10/1/2014,abhinavchowdary@gmail.com,https://www.linkedin.com/in/abhinav-chowdary-63b56913,"Significant big data design and implementation experience. Current role includes team leadership, however profile suggests he is hands on involved with the work",Data Engineer,,,,,Yes,1/4/2014,,
12/9/2015,Amalraj,Devarajan,Fed Reserve Bank SF,7/1/2014,amalrajdevarajan@gmail.com,https://www.linkedin.com/in/amalraj-devarajan-49aa2744,Big data and database design experience. Finance experience,Data Engineer,,,,,Yes,1/4/2014,,
12/9/2015,Anoop,Antony,Ebates,8/1/2014,anoopant@gmail.com,https://www.linkedin.com/in/antonyanoop,"Profile not very descriptive. Experience with big data, database design, python. Experience with finance and ecommerce",Data Engineer,,,,,Yes,1/4/2014,,
12/9/2015,Asim,Mathur,Netflix,7/1/2015,asimmathur@gmail.com,https://www.linkedin.com/in/asim-mathur-102a76,Big data and database design experience,Data Engineer,,,,,Yes,1/4/2014,,
12/9/2015,Debsubhra,Roy,Facebook,2/1/2014,debsubhraroy@gmail.com,https://www.linkedin.com/in/debsubhra-roy-3b27584,"Big data, fintech and analytics experience",Data Engineer,,,,,Yes,1/4/2014,,
12/9/2015,Brenda,Kao,Auction.com,8/1/2014,Email in Connectifier is not current,https://www.linkedin.com/in/brenda-kao-98b3aa5,"Significant experience designing and implementing big data and database solutions, storng finance experience",Data Engineer,,,,,,,,
12/9/2015,Jay,Chen,Creative Cloud,10/1/2013,N/A,https://www.linkedin.com/in/jay-chen-99975621,Backend and big data design experience combined with academic research on big data,Data Engineer,,,,,,,,
12/9/2015,Chris,Charles,One Kings Lane,12/1/2014,N/A,https://www.linkedin.com/in/cwcharles,"Significant DW design, big data and ETL experience",Data Engineer,,,,,,,,
12/9/2015,Emebet,Yitaferu,Groupon,5/1/2015,emebety@gmail.com,https://www.linkedin.com/in/emebetyitaferu,Significant big data and ETL design and implementation experience,Data Engineer,,,,,Yes,1/4/2014,,
12/9/2015,Gurpreet,Korchar,Netflix,9/1/2011,gurpreetkochar@gmail.com,https://www.linkedin.com/in/gurpreet-kochar-773846,Big data and database design experience,Data Engineer,,,,,Yes,1/4/2014,,
12/9/2015,Rishabh,Agrawal,Groupon,11/1/2012,N/A,https://www.linkedin.com/in/agrawalrishabh,Big data and database design experience,Data Engineer,,,,,,,,
12/9/2015,Lucy,Cunningham,Twitter,8/1/2012,lucycunningham291@gmail.com,https://www.linkedin.com/profile/view?id=9362316,Big data and database design experience,Data Engineer,,,,,Yes,1/4/2014,,
12/9/2015,Nima,Rad,Oracle,7/1/2013,nimarad@gmail.com,https://www.linkedin.com/profile/view?id=ADEAAAFMD6cBUgSEg5sA_1_r-IQO73vPYzpunYI,Big data and database design experience,Data Engineer,,,,,Yes,1/4/2014,,
12/9/2015,Thomas,Wang,Facebook,9/1/2013,pisceswzh@gmail.com,https://www.linkedin.com/in/thomaszhenhuawang,Big data and database design experience,Data Engineer,,,,,Yes,1/4/2014,,
12/9/2015,Patrick,Leo Tardif,Airbnb,2/1/2015,plt@rdif.me,https://www.linkedin.com/in/patrick-leo-tardif-6327b727,"Experience with big data, ETL and python",Data Engineer,,,,,Yes,1/4/2014,,
12/9/2015,Bill,Liang,Amazon,11/1/2014,N/A,https://www.linkedin.com/profile/view?id=7351233,"Significant database design experience, most recently big data/Hadoop. Profile not super descriptive",Data Engineer,,,,,,,,
12/9/2015,Ranga,Vure,Netflix,6/1/2015,raangs@gmail.com,https://www.linkedin.com/in/ranga-vure-0032942,"Significant engineering experience together with big data and systems implementation. Fintech experience. Mostly contractor, although located in the East Bay",Data Engineer,,,,,Yes,1/4/2014,,
12/9/2015,Harish,Gurram,Paypal,8/1/2014,N/A,https://www.linkedin.com/in/harish-gurram-51440328,Big data and database design experience,Data Engineer,,,,,,,,
12/9/2015,Sagar,Varute,VenueNext,4/1/2014,sagarvarute@gmail.com,https://www.linkedin.com/profile/view?id=413104,Big data and database design experience,Data Engineer,,,,,Yes,1/4/2014,,
12/9/2015,Chandra,Deepak Kasiraju,GE,10/1/2010,N/A,https://www.linkedin.com/in/chandra-deepak-kasiraju-01309010,Big data and database design experience,Data Engineer,,,,,,,,
12/9/2015,Kshirod,Mohanty,GE,1/1/2015,N/A,https://www.linkedin.com/in/kshirod-mohanty-7871377,Big data and database design experience. Significant engineering experience. Some finance experience,Data Engineer,,,,,,,,
12/9/2015,Naresh,Kotha,Credit Karma,6/1/2015,N/A,https://www.linkedin.com/in/naresh-kotha-a96b3983,"Big data, database design, ETL, python experience",Data Engineer,,,,,,,,
12/9/2015,Srikanth ,Sudara,NerdWallet,6/1/2015,srikanthsundara@gmail.com,https://www.linkedin.com/in/srikanthsundara,"LinkedIn is a little light on info. However, it seems he has extensive big data and DW design experience",Data Engineer,,,,,Yes,1/4/2014,,
12/9/2015,Senthil,Vely,Intuit,4/1/2014,N/A,https://www.linkedin.com/in/svelu,"Big data experience and significant experience with ETL, analytics, database design, fintech",Data Engineer,,,,,,,,
12/9/2015,Viswanath,Vankadaru,Uber,7/1/2015,vankadar@gmail.com,https://www.linkedin.com/in/viswanath-vankadaru-9ba9304,Big data and database design experience,Data Engineer,,,,,Yes,1/4/2014,,
12/9/2015,Yaseen,Mohammed,Fishbowl,5/1/2015,ymohame@gmail.com,https://www.linkedin.com/in/yaseen-mohammed-3b75996,Significant big data design and implementation experience. Some finance/transaction experience,Data Engineer,,,,,Yes,1/4/2014,,
12/10/2015,Sudheer,Sadhu,Marqueta,3/1/2015,N/A,https://www.linkedin.com/in/ssadhu1,"Big data, database design, ETL experience. East Bay",Data Engineer,,,,,,,,
12/10/2015,Srividhya,Gopalan,Facebook,6/1/2014,13vidhya@gmail.com,https://www.linkedin.com/in/srividhya-gopalan-9497a117,Big data and database design experience,Data Engineer,,,,,Yes,1/4/2014,,
12/10/2015,Alex,Baranau,Tesla,8/1/2015,alexbaranovv@gmail.com,https://www.linkedin.com/in/alexbaranau,Big data experience,Data Engineer,,,,,Yes,1/4/2014,,
12/10/2015,Amit,Patil,Apple,8/1/2015,arpatil@gmail.com,https://www.linkedin.com/in/arpatil,Big data and database design experience,Data Engineer,,,,,Yes,1/4/2014,,
12/10/2015,Suresh,Antony,Enjoy,9/1/2014,N/A,https://www.linkedin.com/in/suresh-antony-8007b8,Significant big data/hadoop experience,Data Engineer,,,,,,,,
12/10/2015,Meeta,Bhagra,Groupon,8/1/2015,bhagrameeta@gmail.com,https://www.linkedin.com/in/meeta-bhagra-a3341323,"Big data experience and significant experience with ETL, database design",Data Engineer,,,,,Yes,1/18/2016,,
12/10/2015,Bill,Coffman,Elastica,9/1/2014,billcoffman@gmail.com,https://www.linkedin.com/in/billcoffman,Both bidg data and python scripting experience. In between data engineer and backend engineer role. Significant startup experience,Data Engineer,,,,,Yes,1/18/2016,,
12/10/2015,Deepak,Nair,WhiteHat,1/1/2015,deepaknair@gmail.com,https://www.linkedin.com/in/deepakdb,Significant big data and data warehouse design and implementation experience,Data Engineer,,,,,Yes,1/4/2014,,
12/10/2015,Edward,Lau,Glassdoor,5/1/2012,elau1004@netscape.net,https://www.linkedin.com/in/edward-lau-6777a5,"Big data experience and significant experience with ETL, database design. Located in Oakland",Data Engineer,,,,,Yes,1/18/2016,,
12/10/2015,James,Greenhill,Disqus,8/1/2012,fuziontech@gmail.com,https://www.linkedin.com/in/fuziontech,Big data experience and strong startup experience,Data Engineer,,,,,Yes,1/4/2014,,
12/10/2015,Jianquing,Sun,Apple,11/1/2014,N/A,https://www.linkedin.com/in/jianqingsun,Big data experience,Data Engineer,,,,,,,,
12/10/2015,Ethan,Herdrick,Doctor On Demand,7/1/2014,herdrick@gmail.com,https://www.linkedin.com/in/herdrick,Both bidg data and python scripting experience. In between data engineer and backend engineer role. Significant startup experience,Data Engineer,,,,,Yes,1/18/2016,,
12/10/2015,Iwan,Sakran,Yahoo,6/1/2007,iwan.sakran@yahoo.com,https://www.linkedin.com/in/iwan-sakran-1b578010,Significant big data and data warehouse design and implementation experience,Data Engineer,,,,,Yes,1/4/2014,,
12/10/2015,Vijay,Kambhampati,Apple,4/1/2015,N/A,https://www.linkedin.com/in/vijaykambhampati,Significant big data and fintech experience,Data Engineer,,,,,,,,
12/10/2015,Krishnaprasad,Iyer,Chegg,1/1/2014,N/A,https://www.linkedin.com/in/krishnaprasad-iyer-483b54a,"Big data experience and significant experience with ETL, database design",Data Engineer,,,,,,,,
12/10/2015,Thol,Chidambaram,Apple,10/1/2015,N/A,https://www.linkedin.com/in/cthol,Significant big data and data warehouse design and implementation experience. Some fintech,Data Engineer,,,,,,,,
12/10/2015,Michael,Zelster,Paypal,10/1/2011,mzeltser@gmail.com,https://www.linkedin.com/in/michael-zeltser-772107,Significant big data and data warehouse design and implementation experience,Data Engineer,,,,,Yes,1/18/2016,,
12/10/2015,Premchand,Bellakomda,Western Union,10/1/2014,premchandbell@gmail.com,https://www.linkedin.com/in/premchand-bellamkonda-88a00414,Big data experience,Data Engineer,,,,,Yes,1/4/2014,,
12/10/2015,Kaushik,Deodhar,Salesforce,6/1/2015,N/A,https://www.linkedin.com/in/kaushikdeodhar,"Big data experience and significant experience with ETL, database design",Data Engineer,,,,,,,,
12/10/2015,Michael,Schultz,Nominum,1/1/2014,N/A,https://www.linkedin.com/in/michael-schultz-5134621b,"Big data experience and significant experience with ETL, database design",Data Engineer,,,,,,,,
12/10/2015,Sambit,Khanadai,Lending Club,4/1/2014,sambit_khandai@me.com,https://www.linkedin.com/in/sambit-khandai-250699a,Significant big data/hadoop experience,Data Engineer,,,,,Yes,1/4/2014,,
12/10/2015,Sayajit,Mohapatra,Intel,4/1/2010,satyajitsql@gmail.com,https://www.linkedin.com/in/satyajitmohapatra1,Significant big data/hadoop experience,Data Engineer,,,,,Yes,1/4/2014,,
12/10/2015,Mayank,Ayush,Ebates,5/1/2015,N/A,https://www.linkedin.com/in/mayankayush,"Big data experience and significant experience with ETL, database design",Data Engineer,,,,,,,,
12/10/2015,Siraj,Malik,One Kings Lane,12/1/2014,sirajmalik@gmail.com,https://www.linkedin.com/in/siraj-malik-a5379915,"Big data experience and significant experience with ETL, database design",Data Engineer,,,,,Yes,1/4/2014,,
12/10/2015,Srinivas,Bandari,Aperian Global,3/1/2013,srinivas.bandari@aperianglobal.com,https://www.linkedin.com/profile/view?id=ADEAAAJwLyEBjUWV3Wwd-y-qZ6ogXVHFNqDmEVI,Significant big data systems design and implementation experience,Data Engineer,,,,,Yes,1/4/2014,,
12/10/2015,Vijayalakshmi,Karasani,Target,1/1/2015,vijayakarasani@gmail.com,https://www.linkedin.com/in/vijayalakshmi-karasani-4214ab80,Significant big data/hadoop experience,Data Engineer,,,,,Yes,1/4/2014,,
12/10/2015,Kenneth,Lin,Yahoo,10/1/2007,N/A,https://www.linkedin.com/in/linkennethc,Significant big data and data warehouse design and implementation experience,Data Engineer,,,,,,,,
12/10/2015,Daniela,Wersin,Chegg,2/1/2013,N/A,https://www.linkedin.com/in/daniela-wersin-b33a2b5,"Big data experience and significant experience with ETL, database design",Data Engineer,,,,,,,,
12/10/2015,Wen,Jia,Telenav,12/1/2009,N/A,https://www.linkedin.com/in/wen-jia-33a96a10,Significant big data and data warehouse design and implementation experience,Data Engineer,,,,,,,,
12/11/2015,Harry,Tang,Facebook,6/1/2015,N/A,https://www.linkedin.com/in/harrytang,Significant big data/hadoop experience,Data Engineer,,,,,,,,
12/10/2015,Yang,Wang,Facebook,8/1/2013,wangyang19901026@gmail.com,https://www.linkedin.com/in/wangyangtc,Big data and database design experience,Data Engineer,,,,,Yes,1/4/2014,,
12/11/2015,Ang,Zhang,Uber,3/1/2015,angzhang@yahoo.com,https://www.linkedin.com/in/angzhang,Big data and data warehouse design and implementation experience. Fintech experience. Could be a little too senior,Data Engineer,,,,,Yes,1/18/2016,,
12/11/2015,Jerry,Wang,Facebook,7/1/2014,N/A,https://www.linkedin.com/in/jerry-wang-3961795,"Big data/hadoop experience, python scripting",Data Engineer,,,,,,,,
12/11/2015,Arnaud,Poirier,Tripit,6/1/2014,arnpoirier@gmail.com,https://www.linkedin.com/in/arnpoirier,Big data and significant data warehouse design and implementation experience,Data Engineer,,,,,Yes,1/18/2016,,
12/11/2015,Art,Kho,Next Issue Media,7/1/2014,artkho@gmail.com,https://www.linkedin.com/in/arthur-kho-746a26,Big data and significant data warehouse design and implementation experience,Data Engineer,,,,,Yes,1/18/2016,,
12/11/2015,Saurav,Datta,Paypal,8/1/2013,askforsaurav@gmail.com,https://www.linkedin.com/in/dattasaurav,Big data and significant data warehouse design and implementation experience,Data Engineer,,,,,Yes,1/18/2016,,
12/11/2015,Avinash,Vellanki,EMC,9/1/2013,N/A,https://www.linkedin.com/in/avinash-vellanki-6819491,Big data and significant data warehouse design and implementation experience,Data Engineer,,,,,,,,
12/11/2015,Bin,Yu,Credit Karma,5/1/2014,binxyu@gmail.com,https://www.linkedin.com/in/binxyu,Big data and significant data warehouse design and implementation experience,Data Engineer,,,,,Yes,1/18/2016,,
12/11/2015,Arun,Prakash,Robert Half,3/1/2015,ckarunprakash@gmail.com,https://www.linkedin.com/in/ckarunprakash,Significant big data/hadoop experience. Fintech experience. East Bay,Data Engineer,,,,,Yes,1/18/2016,,
12/11/2015,Sreekanth,Ammisetti,Vigna Solutions,2/1/2008,N/A,https://www.linkedin.com/in/sreekanthammisetty,Big data and significant data warehouse design and implementation experience,Data Engineer,,,,,,,,
12/11/2015,Sanjay,Mishra,Groupon,9/1/2015,N/A,https://www.linkedin.com/in/sanjaymishra2,Significant big data/hadoop experience,Data Engineer,,,,,,,,
12/11/2015,Sneha,Deshpande,Yahoo,3/1/2012,N/A,https://www.linkedin.com/in/sneha-deshpande-5777b429,Big data and significant data warehouse design and implementation experience,Data Engineer,,,,,Yes,1/18/2016,,
12/11/2015,Ray,Dames,Facebook,5/1/2011,damesr@yahoo.com,https://www.linkedin.com/in/ray-dames-5639961,Significant big data/hadoop experience,Data Engineer,,,,,Yes,1/18/2016,,
12/11/2015,Farman,Sheikh,Genomic Health,11/1/2014,farman_sheikh@yahoo.com,https://www.linkedin.com/in/farman-sheikh-57358910,Big data and significant data warehouse design and implementation experience. Fintech experience,Data Engineer,,,,,Yes,1/18/2016,,
12/11/2015,Gurmeet,Saran,Intuit,12/1/2010,gurmeetx@gmail.com,https://www.linkedin.com/in/gurmeetsaran,Big data and significant data warehouse design and implementation experience. Fintech experience. Could be a little too senior,Data Engineer,,,,,Yes,1/18/2016,,
12/11/2015,Ravi,Chandu Thotakura,ITC Infotech,1/1/2011,N/A,https://www.linkedin.com/in/ravichandu,Could be either Data Eng or Sr Backend Eng. Big data and python experience,Data Engineer,,,,,,,,
12/11/2015,John,Meagher,Twitter,9/1/2014,johnmeagher@gmail.com,https://www.linkedin.com/in/jpmeagher,Significant big data and data warehouse design and implementation experience,Data Engineer,,,,,Yes,1/18/2016,,
12/11/2015,John ,Souza,Netflix,4/1/2014,js2794@gmail.com,https://www.linkedin.com/in/js2794,Big data and data warehouse design and implementation experience,Data Engineer,,,,,Yes,1/18/2016,,
12/11/2015,Ming,Tsai,Silicon Valley Data Science,2/1/2015,N/A,https://www.linkedin.com/profile/view?id=11641426,Big data and data warehouse design and implementation experience,Data Engineer,,,,,,,,
12/11/2015,Ke,Xu,Twitter,11/1/2013,kxu12348760@gmail.com,https://www.linkedin.com/in/ke-xu-10665a6,Big data and data warehouse design and implementation experience,Data Engineer,,,,,Yes,1/18/2016,,
12/11/2015,Krishna,Tiwari,Neustar,3/1/2015,N/A,https://www.linkedin.com/profile/view?id=ADEAAAQeoPMBIZbBJH-721xsL-02DbJ8ttYfhOM,Big data and data warehouse design and implementation experience,Data Engineer,,,,,,,,
12/11/2015,Matt,Gillingham,Yahoo,2006,mgilling@yahoo.com,https://www.linkedin.com/in/mattgillingham,Big data and significant data warehouse design and implementation experience,Data Engineer,,,,,Yes,1/18/2016,,
12/11/2015,Jonathan,Parks,Airbnb,5/1/2014,parksjonathan@gmail.com,https://www.linkedin.com/in/jonathan-parks-15617820,Big data/hadoop design and implementation experience,Data Engineer,,,,,Yes,1/18/2016,,
12/11/2015,Ganesh,Ranganathan,Gap,5/1/2014,rganesh94@gmail.com,https://www.linkedin.com/in/granganathan,Big data/hadoop experience,Data Engineer,,,,,Yes,1/18/2016,,
12/11/2015,Siddharth,Ojha,Intuit,7/1/2012,N/A,https://www.linkedin.com/in/sidojha,Big data and significant data warehouse design and implementation experience. Fintech experience,Data Engineer,,,,,,,,
12/11/2015,Barathiraja,Sabapathy,Autodesk,4/1/2012,sabapathy_bharathiraja@yahoo.com,https://www.linkedin.com/in/bharathiraja-sabapathy-45b11712,Big data and data warehouse design and implementation experience,Data Engineer,,,,,Yes,1/18/2016,,
12/11/2015,Anand,Mehrotra,Paypal,7/1/2013,N/A,https://www.linkedin.com/in/anandmehrotra,Big data and significant data warehouse design and implementation experience. Fintech experience. Could be a little too senior,Data Engineer,,,,,,,,
12/11/2015,Dharanidhar,Rout,Apple,1/1/2010,sanjeeatusa@gmail.com,https://www.linkedin.com/in/dharanidhar-rout-b5104922,Big data and data warehouse design and implementation experience,Data Engineer,,,,,Yes,1/18/2016,,
12/11/2015,Teja,Thotapalli,Uber,11/1/2015,tejathotapalli@yahoo.com,https://www.linkedin.com/in/tejathotapalli,Big data and significant data warehouse design and implementation experience,Data Engineer,,,,,Yes,1/18/2016,,
12/11/2015,Vijay,Tummala,Gyft,1/1/2015,vijaykarthik86@gmail.com,https://www.linkedin.com/in/vijay-tummala-20285611,Significant big data/hadoop experience,Data Engineer,,,,,Yes,1/18/2016,,
12/11/2015,Ray,Zhang,Walmart Labs,5/1/2010,xiyunyue@gmail.com,https://www.linkedin.com/in/ray-zhang-84121022,Big data and data warehouse design and implementation experience,Data Engineer,,,,,Yes,1/18/2016,,
12/14/2015,Abhishek,Andhavarapu,Ebay,9/1/2015,abhishek376@gmail.com,https://www.linkedin.com/in/abhishek376,Big data and data warehouse design and implementation experience,Data Engineer,,,,,Yes,1/18/2016,,
12/14/2015,Alexey,Kuksin,Nomis Solutions,5/1/2014,akuksin@gmail.com,https://www.linkedin.com/in/alexey-kuksin-058b821,Significant big data and data warehouse design and implementation experience,Data Engineer,,,,,Yes,1/18/2016,,
12/14/2015,Sphoorthi,Yasa,Paypal,2/1/2011,N/A,https://www.linkedin.com/in/sphoorthi-yasa-4b686196,Big data and data warehouse design and implementation experience. East Bay,Data Engineer,,,,,,,,
12/14/2015,Ronen,Botzer,Aerospike,6/1/2014,arrrbotzer@gmail.com,https://www.linkedin.com/in/rbotzer,Big data and significant data warehouse design and implementation experience,Data Engineer,,,,,Yes,1/18/2016,,
12/14/2015,Bob,Freitas,InMobi,11/1/2014,bobefreitas@gmail.com,https://www.linkedin.com/in/bobfreitas,Big data and significant data warehouse design and implementation experience,Data Engineer,,,,,Yes,1/18/2016,,
12/14/2015,Sandeep,Reddy,Visa,6/1/2013,N/A,https://www.linkedin.com/in/sandeep-reddy-66684176,Significant big data and data warehouse design and implementation experience. Fintech. East Bay,Data Engineer,,,,,,,,
12/14/2015,Ashaya,Meshram,Electronic Arts,4/1/2011,N/A,https://www.linkedin.com/in/ashaya-meshram-4b2a703,Big data and significant data warehouse design and implementation experience,Data Engineer,,,,,,,,
12/14/2015,Himay,Desai,SalesforceIQ,2/1/2015,dashinghimay@gmail.com,https://www.linkedin.com/in/himay-desai-35057326,Big data and significant data warehouse design and implementation experience,Data Engineer,,,,,Yes,1/18/2016,,
12/14/2015,Eli,Reiman,MedeAnalytics,6/1/2015,eli@yelloideas.com,https://www.linkedin.com/in/elireiman,Big data and significant data warehouse design and implementation experience,Data Engineer,,,,,Yes,1/18/2016,,
12/14/2015,Fan,Jiang,Ebay,1/1/2011,fanjiangchn@gmail.com,https://www.linkedin.com/in/fan-jiang-20b3a312,Big data and data warehouse design and implementation experience,Data Engineer,,,,,Yes,1/18/2016,,
12/14/2015,Daniel,Serrano,Adobe,4/1/2013,hectordserrano@gmail.com,https://www.linkedin.com/in/serranodaniel,Big data and significant data warehouse design and implementation experience,Data Engineer,,,,,Yes,1/18/2016,,
12/14/2015,Venkata,Siva Reddy,Keysight Technologies,4/1/2013,ksivaus@gmail.com,https://www.linkedin.com/in/venkatakreddy,Significant big data and data warehouse design and implementation experience,Data Engineer,,,,,Yes,1/18/2016,,
12/14/2015,Surendra,Manchikanti,Sling Media,2014,msurendrahadoop@gmail.com,https://www.linkedin.com/profile/view?id=26146659,Significant big data and data warehouse design and implementation experience,Data Engineer,,,,,Yes,1/18/2016,,
12/14/2015,Murugeshan,Mani,Ebay,8/1/2008,mururvcedw@gmail.com,https://www.linkedin.com/in/murugeshan-mani-337b1a22,Big data and significant data warehouse design and implementation experience. Could be a little too senior,Data Engineer,,,,,Yes,1/18/2016,,
12/14/2015,Narendra,Singh,Visa,8/1/2015,narendracs@gmail.com,https://www.linkedin.com/in/narendra-singh-749a721b,Big data and data warehouse design and implementation experience. Fintech,Data Engineer,,,,,Yes,1/18/2016,,
12/14/2015,Lakshminarayana,NindraKrishna,Groupon,9/1/2015,nklnarayana@yahoo.com,https://www.linkedin.com/in/lakshminarayananindrakrishna,Big data and significant data warehouse design and implementation experience,Data Engineer,,,,,Yes,1/18/2016,,
12/14/2015,Chhelabhai,Chavda,Intuit,11/1/2014,N/A,https://www.linkedin.com/in/chhelabhai-chavda-41005013,Significant big data and data warehouse design and implementation experience. Fintech,Data Engineer,,,,,,,,
12/14/2015,Chifeng,Luo,Facebook,3/1/2014,patrickluo2006@gmail.com,https://www.linkedin.com/in/chifengluo,Big data and significant data warehouse design and implementation experience,Data Engineer,,,,,Yes,1/18/2016,,
12/14/2015,Praveen,Lekkala,Velti,1/1/2013,praveenlekk@gmail.com,https://www.linkedin.com/in/praveen-lekkala-b852b375,Big data and significant data warehouse design and implementation experience,Data Engineer,,,,,Yes,1/18/2016,,
12/14/2015,Pravin,Balasumbramaniam,Visa,9/1/2015,pravinb@gmail.com,https://www.linkedin.com/in/pravin-balasubramaniam-2183131,Big data and significant data warehouse design and implementation experience,Data Engineer,,,,,Yes,1/18/2016,,
12/14/2015,Sanjit,Bhattacharjee,Netflix,5/1/2013,sanjitbhattacharjee@gmail.com,https://www.linkedin.com/in/sanjitbhattacharjee,Big data and significant data warehouse design and implementation experience,Data Engineer,,,,,Yes,1/18/2016,,
12/14/2015,Sibashish,Pujari,Workday,11/1/2012,sibashish@gmail.com,https://www.linkedin.com/in/sibashish-pujari-6879681,Significant big data and data warehouse design and implementation experience. Fintech,Data Engineer,,,,,Yes,1/18/2016,,
12/14/2015,Steven,Ureta,Dropbox,7/1/2015,steven.ureta@yahoo.com,https://www.linkedin.com/in/stevenureta,Big data and significant data warehouse design and implementation experience,Data Engineer,,,,,Yes,1/18/2016,,
12/14/2015,Subhash,Scaria,Ebay,10/1/2011,subhashscaria@gmail.com,https://www.linkedin.com/in/subhash-scaria-a5828411,Big data and data warehouse design and implementation experience,Data Engineer,,,,,Yes,1/18/2016,,
12/14/2015,Sachin,Rodge,Intuit,1/1/2011,N/A,https://www.linkedin.com/in/sachinrodge,Big data and significant data warehouse design and implementation experience. Fintech,Data Engineer,,,,,,,,
12/14/2015,Swati,Ambulkar,Cisco,4/1/2015,N/A,https://www.linkedin.com/in/swatiambulkar,Significant big data and data warehouse design and implementation experience,Data Engineer,,,,,,,,
12/14/2015,Scott,Lehman,Neustar,10/1/2013,swlehman@gmail.com,https://www.linkedin.com/in/swlehman,Big data and significant data warehouse design and implementation experience,Data Engineer,,,,,Yes,1/18/2016,,
12/14/2015,Ihar,Kuntsevich,Gap,7/1/2015,N/A,https://www.linkedin.com/in/ihar-kuntsevich-64120a1,Significant big data and data warehouse design and implementation experience,Data Engineer,,,,,,,,
12/14/2015,Peter,Bense,Google,6/1/2012,textures2@gmail.com,https://www.linkedin.com/in/pbense,Big data and significant data warehouse design and implementation experience,Data Engineer,,,,,Yes,1/18/2016,,
12/14/2015,Oleg,Savkin,Yahoo,11/1/2015,toyway@yahoo.com,https://www.linkedin.com/in/osavkin,Significant big data and data warehouse design and implementation experience,Data Engineer,,,,,Yes,1/18/2016,,
12/14/2015,Xuyen,On,Centro,11/1/2014,xuyenon@gmail.com,https://www.linkedin.com/in/xuyen-on-134684a,Big data and significant data warehouse design and implementation experience. Fintech. Could be a little senior,Data Engineer,,,,,Yes,1/18/2016,,
12/14/2015,Navaraga,Kalapati,Groupon,4/1/2015,N/A,https://www.linkedin.com/in/navaraga-kalapati-472366b2,Big data and significant data warehouse design and implementation experience,Data Engineer,,,,,,,,
12/14/2015,Sudhish,Kumar,Paypal,1/1/2011,N/A,https://www.linkedin.com/in/sudhish-kumar-315bab58,Big data and data warehouse design and implementation experience,Data Engineer,,,,,,,,
12/14/2015,Eugene,Popov,DesignMind,1/1/2015,ypopov@gmail.com,https://www.linkedin.com/in/epopov,Significant big data and data warehouse design and implementation experience,Data Engineer,,,,,Yes,1/18/2016,,
12/15/2015,Pavan,Kumar Kolla,SunEdison,2/1/2015,N/A,https://www.linkedin.com/in/pavankk,Big data and data warehouse design and implementation experience. Fintech,Data Engineer,,,,,,,,
12/15/2015,Abhishek,Suman,Apple,1/1/2015,abhipix@gmail.com,https://www.linkedin.com/in/sumanabhishek,Significant big data/hadoop experience. Some fintech,Data Engineer,,,,,Yes,1/18/2016,,
12/15/2015,Ankita,Agrawal,GSK,11/1/2013,N/A,https://www.linkedin.com/in/ankitahadoop,Significant big data and data warehouse design and implementation experience. Fintech,Data Engineer,,,,,,,,
12/15/2015,Anand,Mahajan,RingCentral,2/1/2015,aoracle@gmail.com,https://www.linkedin.com/in/dbarchitect,Significant big data and data warehouse design and implementation experience,Data Engineer,,,,,Yes,1/18/2016,,
12/15/2015,Eugene,Koontz,Apple,5/1/2013,ekoontz@gmail.com,https://www.linkedin.com/in/eugenekoontz,"Significant big data/hadoop experience. Linkedin profile has little info, however on of his personal links has his resume",Data Engineer,,,,,Yes,1/18/2016,,
12/15/2015,Yang,Zhou,Ebay,9/1/2007,N/A,https://www.linkedin.com/in/woodyzhou,Significant big data and data warehouse design and implementation experience,Data Engineer,,,,,,,,
12/15/2015,Di,Lin,Facebook,10/1/2014,fengzhongdi@hotmail.com,https://www.linkedin.com/in/di-lin-b3b37b26,Big data and data warehouse design and implementation experience,Data Engineer,,,,,Yes,1/18/2016,,
12/15/2015,Hao,Chen,Machine Zone,11/1/2012,fzchenhao@gmail.com,https://www.linkedin.com/in/fzchenhao,Significant big data/hadoop experience,Data Engineer,,,,,Yes,1/18/2016,,
12/15/2015,German,Shegalov,Twitter,9/1/2013,gera05@gmail.com,https://www.linkedin.com/in/gerashegalov,Big data and significant data warehouse design and implementation experience,Data Engineer,,,,,Yes,1/18/2016,,
12/15/2015,Harisyam,Sukumarannair,Visa,8/1/2015,harisyamec@gmail.com,https://www.linkedin.com/in/harisyam-sukumarannair-5262b891,Significant big data/hadoop experience. Some fintech,Data Engineer,,,,,Yes,1/18/2016,,
12/15/2015,Janardhan,Shetty,Salesforce,7/1/2013,janardhanp22@gmail.com,https://www.linkedin.com/in/janardhanpshetty,Big data experience,Data Engineer,,,,,Yes,1/18/2016,,
12/15/2015,Solomon,Raj,OpenX,2014,N/A,https://www.linkedin.com/in/solomon-raj-4372767,Big data and data warehouse design and implementation experience,Data Engineer,,,,,,,,
12/15/2015,Stephen,Boesch,N/A,N/A,javadba@gmail.com,https://www.linkedin.com/in/javadba,Significant big data/hadoop experience,Data Engineer,,,,,Yes,1/18/2016,,
12/15/2015,Jitendra,Pandey,Hortonworks,7/1/2011,jnpandey@gmail.com,https://www.linkedin.com/in/jitendra-pandey-1497b7,Significant big data/hadoop experience,Data Engineer,,,,,Yes,1/18/2016,,
12/15/2015,Johan,Oskarsson,Fig.co,5/1/2015,johan@oskarsson.nu,https://www.linkedin.com/in/johanoskarsson,Significant big data/hadoop experience. Contributer to Apache Hadoop/Hive. Startup experience,Data Engineer,,,,,Yes,1/18/2016,,
12/15/2015,Arun ,Kumar,First Republic Bank,10/1/2012,N/A,https://www.linkedin.com/in/arunkumar78,Big data and data warehouse design and implementation experience. Fintech,Data Engineer,,,,,,,,
12/15/2015,Joseph,Bates,Sharethrough,6/1/2015,josephcbates@gmail.com,https://www.linkedin.com/in/jcb4th,Big data and data warehouse design and implementation experience,Data Engineer,,,,,Yes,1/18/2016,,
12/15/2015,Kushal,Venkatesh,N/A,N/A,kushalanu25@gmail.com,https://www.linkedin.com/in/kushal-v-51779932,Big data and data warehouse design and implementation experience,Data Engineer,,,,,Yes,1/18/2016,,
12/15/2015,Lav,Jain,Facebook,7/1/2012,lav_jain@hotmail.com,https://www.linkedin.com/in/lavjain,Significant big data and data warehouse design and implementation experience. Profile a little short on info,Data Engineer,,,,,Yes,1/18/2016,,
12/15/2015,Matthew,Lau,Target,9/1/2014,mchunlau@gmail.com,https://www.linkedin.com/in/mattlau,Big data and significant data warehouse design and implementation experience,Data Engineer,,,,,Yes,1/18/2016,,
12/15/2015,Mehmet,Tepedelenlioglu,Facebook,4/1/2015,mehmetsino@gmail.com,https://www.linkedin.com/in/mehmet-tepedelenlioglu-501b7017,Big data and data warehouse design and implementation experience,Data Engineer,,,,,Yes,1/18/2016,,
12/15/2015,Chen,He,Oracle,11/1/2014,N/A,https://www.linkedin.com/in/chenhe1980,Significant big data/hadoop experience,Data Engineer,,,,,,,,
12/15/2015,Michael,Fuery,Zoosk,6/1/2013,mfuery@gmail.com,https://www.linkedin.com/in/michaelfuery,Big data and significant web/sql experience. East Bay,Data Engineer,,,,,Yes,1/18/2016,,
12/15/2015,Mubaraka,Arif,HEB,9/1/2015,mubaraka@gmail.com,https://www.linkedin.com/in/mubaraka-arif-30aa8b,Big data and significant data warehouse design and implementation experience,Data Engineer,,,,,Yes,1/18/2016,,
12/15/2015,Ramya,Sunil,Hortonworks,11/1/2011,ramyarvcs@gmail.com,https://www.linkedin.com/in/ramyasunil,Significant big data/hadoop experience,Data Engineer,,,,,Yes,1/18/2016,,
12/15/2015,Chen,Qiang,Uber,11/1/2015,N/A,https://www.linkedin.com/in/cqiang,Big data experience,Data Engineer,,,,,,,,
12/15/2015,Joseph,Rothrock,N/A,N/A,rothrock@rothrock.org,https://www.linkedin.com/in/josephrothrock,Big data and significant data warehouse design and implementation experience,Data Engineer,,,,,Yes,1/18/2016,,
12/15/2015,Troy,Caldwell,Skytree,6/1/2014,troycald@gmail.com,https://www.linkedin.com/in/troycald,Big data and data warehouse design and implementation experience,Data Engineer,,,,,Yes,1/18/2016,,
12/16/2015,Alok,Singh,IBM,6/1/2015,aloksingh1979@gmail.com,https://www.linkedin.com/in/alok-singh-b708705,Big data experience,Data Engineer,,,,,Yes,1/18/2016,,
12/16/2015,Amir,Youseffi,Startup,8/1/2013,amiryoussefi@gmail.com,https://www.linkedin.com/in/youssefi,Significant big data/hadoop experience,Data Engineer,,,,,Yes,1/18/2016,,
12/16/2015,Alexander,Pivovarov,Radius Intelligence,6/1/2015,apivovarov@gmail.com,https://www.linkedin.com/in/pivovaal,Significant big data/hadoop experience. Fintech,Data Engineer,,,,,Yes,1/18/2016,,
12/16/2015,Raghu,Angadi,Twitter,10/1/2010,N/A,https://www.linkedin.com/in/raghuangadi,Significant big data/hadoop experience,Data Engineer,,,,,,,,
12/16/2015,Apurba,Dhungana,Acxiom,6/1/2012,apurbadhungana@gmail.com,https://www.linkedin.com/in/apurbadhungana,Big data experience,Data Engineer,,,,,Yes,1/18/2016,,
12/16/2015,Aaron,Myers,Cloudera,5/1/2010,atmyers@gmail.com,https://www.linkedin.com/in/aarontmyers,Big data experience. Startup experience,Data Engineer,,,,,Yes,1/18/2016,,
12/16/2015,Bikas,Saha,Hortonworks,12/1/2011,bikassaha@gmail.com,https://www.linkedin.com/in/bikassaha,Significant big data/hadoop experience,Data Engineer,,,,,Yes,1/18/2016,,
12/16/2015,Avinash,Epuri,Paypal,9/1/2015,epuriavinash@gmail.com,https://www.linkedin.com/in/avinash-epuri-7a0b7242,Big data experience. Fintech,Data Engineer,,,,,Yes,1/18/2016,,
12/16/2015,Mark,Grover,Cloudera,9/1/2012,grovermarkgrover@gmail.com,https://www.linkedin.com/in/grovermark,Significant big data/hadoop experience,Data Engineer,,,,,Yes,1/18/2016,,
12/16/2015,Arul,Ramachandran,Paypal,1/1/2008,N/A,https://www.linkedin.com/in/arulramachandran,Significant big data and data warehouse design and implementation experience. Fintech,Data Engineer,,,,,,,,
12/16/2015,Vivek,B,Autodesk,2013,ilikebigdata@gmail.com,https://www.linkedin.com/in/vivek-b-48102480,Big data experience,Data Engineer,,,,,Yes,1/18/2016,,
12/16/2015,Jayant,Kenjale,Cognizant,10/1/2012,jaytechgeek@gmail.com,https://www.linkedin.com/in/jayantkenjale,Big data experience,Data Engineer,,,,,Yes,1/18/2016,,
12/16/2015,Paul,Sterk,Endgame,1/1/2015,jazzfan159@gmail.com,https://www.linkedin.com/in/psterk,Significant big data/hadoop experience,Data Engineer,,,,,Yes,1/18/2016,,
12/16/2015,Karthik,Kambatla,Cloudera,6/1/2012,karthikshashankkambatla@gmail.com,https://www.linkedin.com/in/karthikkambatla,Significant big data/hadoop experience,Data Engineer,,,,,Yes,1/18/2016,,
12/16/2015,Ken,Barclay,Ancestry.com,5/1/2014,kennethbarclay@gmail.com,https://www.linkedin.com/in/kennethbarclay,Significant big data/hadoop experience. Fintech,Data Engineer,,,,,Yes,1/18/2016,,
12/16/2015,Vinoth,Chandar,Uber,10/1/2014,mailvinothchandar@gmail.com,https://www.linkedin.com/in/vinothchandar,Big data experience. Startup experience,Data Engineer,,,,,Yes,1/18/2016,,
12/16/2015,Snehal,Nagmote,Walmart Labs,11/1/2014,nagmotesnehal@gmail.com,https://www.linkedin.com/in/snehal-nagmote-79651122,Significant big data/hadoop experience. Fintech,Data Engineer,,,,,Yes,1/18/2016,,
12/16/2015,Narup,Reddy,AT&T,4/1/2014,nirupreddy@gmail.com,https://www.linkedin.com/in/nirupreddy,Big data experience. Fintech,Data Engineer,,,,,Yes,1/18/2016,,
12/16/2015,Achyuth,Tadasina,Salesforce,3/1/2015,reddyachyuth@gmail.com,https://www.linkedin.com/in/achyuth-tadasina-3981a28a,Big data and significant data warehouse design and implementation experience. Fintech,Data Engineer,,,,,Yes,1/4/2014,interested,
12/16/2015,Sanjay,Shroff,N/A,N/A,sshroff@gmail.com,https://www.linkedin.com/in/shroffsanjay,Big data and significant data warehouse design and implementation experience. Fintech. More info on his profile link,Data Engineer,,,,,Yes,1/4/2014,,
12/16/2015,Shanker,Valipireddy,Cisco,9/1/2014,N/A,https://www.linkedin.com/in/shankervalipireddy,Big data experience. Fintech,Data Engineer,,,,,,,,
12/16/2015,Andy,Alvarado,Centro,8/1/2015,N/A,https://www.linkedin.com/in/andy-alvarado-10a4baa6,Significant big data/hadoop experience,Data Engineer,,,,,,,,
12/16/2015,Srivathsan,Srinivas,Startup,12/1/2015,N/A,https://www.linkedin.com/in/srivathsansrinivas,Significant big data/hadoop experience,Data Engineer,,,,,,,,
12/16/2015,Anurag,Tangri,Visa,9/1/2015,tangrianurag@gmail.com,https://www.linkedin.com/in/anurag-tangri-b9088727,Significant big data/hadoop experience. Fintech,Data Engineer,,,,,Yes,1/18/2016,,
12/16/2015,Venkatesh,Rudraraju,Samsung,4/1/2014,venkateshrudraraju@gmail.com,https://www.linkedin.com/in/venkatesh-rudraraju-994a6413,Big data experience,Data Engineer,,,,,Yes,1/18/2016,,
12/21/2015,Chris,Douglas,Microsoft,6/1/2012,cdouglas@apache.org,https://www.linkedin.com/pub/chris-douglas/1/33a/733,Significant big data/hadoop experience,Data Engineer,,,,,Yes,1/4/2014,,
12/28/2015,Pavel,Kazakov,Paypal,6/1/2013,pavelkazakov@gmail.com,https://www.linkedin.com/pub/pavel-kazakov/40/6b7/761,Significant big data/hadoop experience,Data Engineer,,,,,Yes,1/4/2014,,
1/13/2016,ChiHoon,Lee,Apple,10/1/2015,N/A,https://www.linkedin.com/in/chihoonlee,"Big data, hadoop, machine learning experience",Data Engineer,,,,,,,,
1/13/2016,Esteban,Gutierrez,Cloudera,3/1/2011,estebangtz@gmail.com,https://www.linkedin.com/in/estebangtz,Significant big data/hadoop experience,Data Engineer,,,,,Yes,1/18/2016,,
1/13/2016,Leo,Romanovsky,Strava,3/1/2012,leoromanovsky@gmail.com,https://www.linkedin.com/in/leoromanovsky,"Big data, Python, hadoop, distributed systems experience",Data Engineer,,,,,Yes,1/18/2016,,
1/13/2016,Harish,Gurram,Polycom,11/1/2015,N/A,https://www.linkedin.com/pub/harish-gurram/28/403/514,"Significant Big data, python and database experience. Profile a little short on description. Fintech",Data Engineer,,,,,,,,
1/13/2016,Pieter,De Jong,Nvent,6/1/2015,pieteradejong@gmail.com,https://www.linkedin.com/in/pieteradejong,"Big data, python and hadoop experience. Could be a little junior or a fit for Mid-level Backend Eng",Data Engineer,,,,,Yes,1/18/2016,,
1/13/2016,Susanne,Lehmann,Yelp,6/1/2014,susanne.lehmann@yahoo.com,https://www.linkedin.com/in/susannelehmann,"Significant Big data, python and database experience. Profile a little short on description",Data Engineer,,,,,Yes,1/18/2016,,
1/14/2016,Maximino,Gomez,Capital One,6/1/2015,gmino99@gmail.com,https://www.linkedin.com/in/maximinogomez,"Big data, hadoop, NoSQL, fintech experience",Data Engineer,,,,,Yes,1/18/2016,,
1/14/2016,Jenny,Kim,Cloudera,6/1/2015,jennykim111@gmail.com,https://www.linkedin.com/in/kimjenny,"Big data, Python, Django, hadoop, startup experience",Data Engineer,,,,,Yes,1/18/2016,,
2/7/2016,Peter,Wemm,Yahoo,6/1/1999,N/A,https://www.linkedin.com/in/peterwemm,FreeBSD main committer,Data Engineer,,,,,,,,
1/19/2016,Naveen,Arumugam,Anchorfree,11/1/2013,naveenarumugam@gmail.com,https://www.linkedin.com/in/arumugamnaveen,"Big data, hadoop, python, ETL, banking experience",Data Engineer,,,,,,,,
2/7/2016,Mayank,Bansal,Uber,6/1/2015,bansalmayank@gmail.com,https://www.linkedin.com/in/bansalm,Hadoop experience. Apache Hadoop committer. Startup experience,Data Engineer,,,,,,,,
2/7/2016,Bill,Graham,Twitter,10/1/2011,billgraham@gmail.com,https://www.linkedin.com/profile/view?id=1380,"Hadoop, hbase, hive experience",Data Engineer,,,,,,,,
2/7/2016,Carl,Steinbach,LinkedIn,10/1/2013,cwsteinbach@gmail.com,https://www.linkedin.com/in/carlsteinbach,Hadoop experience. Apache Hadoop committer. Startup experience. East Bay,Data Engineer,,,,,,,,
2/7/2016,Gary,Helmling,Facebook,9/1/2015,ghelmling@gmail.com,https://www.linkedin.com/in/ghelmling,Hadoop experience. Apache Hadoop committer. Startup experience,Data Engineer,,,,,,,,
2/7/2016,Joe,Posner,Oracle,2/1/2016,joeposner@gmail.com,https://www.linkedin.com/in/posnerjoe,Significant hadoop experience,Data Engineer,,,,,,,,
2/7/2016,Mohammad,Islam,Uber,3/1/2015,mislam77@yahoo.com,https://www.linkedin.com/in/mislam77,Significant hadoop experience,Data Engineer,,,,,,,,
2/7/2016,Selina,Zhang,Yahoo,6/1/2013,selinazh@yahoo.com,https://www.linkedin.com/pub/selina-zhang/a/203/87b,Hadoop experience,Data Engineer,,,,,,,,
2/7/2016,Anurag,Tangri,Visa,9/1/2015,tangrianurag@gmail.com,https://www.linkedin.com/pub/anurag-tangri/27/887/b90,Significant hadoop experience,Data Engineer,,,,,,,,
2/7/2016,Tariq,Magdon-Ismail,VMWare,7/1/2009,tariqmi@gmail.com,https://www.linkedin.com/in/tariqmi,Hadoop experience,Data Engineer,,,,,,,,
2/8/2016,Alex,Bolgarov,Gracenote,7/1/2015,N/A,https://www.linkedin.com/in/alexbolgarov,"Hadoop, hbase, hive experience",Data Engineer,,,,,,,,
2/8/2016,Taehoon,Kang,Yelp,8/1/2015,flowerguy@gmail.com,https://www.linkedin.com/in/flowerguy,"Hadoop, hbase, hive experience",Data Engineer,,,,,,,,
2/8/2016,Liwei,Liu,Macy's,4/1/2014,liweil@yahoo.com,https://www.linkedin.com/in/liweil,Significant hadoop experience. Fintech,Data Engineer,,,,,,,,
2/8/2016,Aruna,Govindu,Fanatics,6/1/2015,N/A,https://www.linkedin.com/in/arunagovindu,"Hadoop, hive, ETL experience",Data Engineer,,,,,,,,
2/8/2016,Andrew,Kwok,Symantec,7/1/2015,N/A,https://www.linkedin.com/in/andrewkwokfremont,"Hadoop, hbase, hive, ETL experience. Fintech, East Bay",Data Engineer,,,,,,,,
2/8/2016,Neil,Kodner,Facebook,8/1/2012,nkodner@gmail.com,https://www.linkedin.com/in/neilkodner,"Hadoop, hbase, hive, ETL, SQL experience",Data Engineer,,,,,,,,
2/8/2016,Rajendrakumar,Poosarikakkan,Netgear,12/1/2012,rajendrakumar55@yahoo.com,https://www.linkedin.com/pub/rajendrakumar-poosarikakkan/47/524/33,"Hadoop, hive, ETL experience",Data Engineer,,,,,,,,
2/8/2016,Rajit,Saha,Lending Club,11/1/2015,saharajit@gmail.com,https://www.linkedin.com/in/rajsaha,"Hadoop, hbase, hive experience. Fintech",Data Engineer,,,,,,,,
2/8/2016,Sam,William,Apple,11/1/2015,samprince@gmail.com,https://www.linkedin.com/in/sampd,"Hadoop, hbase, hive experience",Data Engineer,,,,,,,,
2/9/2016,Berk,Demir,Twitter,11/1/2012,bddemir@gmail.com,https://www.linkedin.com/in/bddemir,Experience with building scalable data infrastructure,Data Engineer,,,,,,,,
2/9/2016,Angela,Li,Nor1,5/1/2011,cazper94112@yahoo.com,https://www.linkedin.com/pub/angela-li/4/102/833,"Hadoop, hbase, hive experience",Data Engineer,,,,,,,,
2/9/2016,Elliott,Clark,Facebook,2/1/2014,eclark84@gmail.com,https://www.linkedin.com/in/elliottnclark,"Hadoop, hbase, hive experience",Data Engineer,,,,,,,,
2/9/2016,David,Phillips,Facebook,7/1/2012,electrum@gmail.com,https://www.linkedin.com/in/electrum,"Hadoop, hive, cassandra experience",Data Engineer,,,,,,,,
2/9/2016,Gurmeet,Saran,Intuit,12/1/2010,gurmeetx@gmail.com,https://www.linkedin.com/in/gurmeetsaran,Significant hadoop and data engineering experience,Data Engineer,,,,,,,,
2/9/2016,Tulasi,Paradarami,23andMe,7/1/2014,N/A,https://www.linkedin.com/in/tulasip,"Big data, data science and data architect experience. Fintech",Data Engineer,,,,,,,,
2/9/2016,Jithendranath,Joijoide,Yahoo,9/1/2011,jithu123@gmail.com,https://www.linkedin.com/in/jithu,Significan hadoop experience,Data Engineer,,,,,,,,
2/9/2016,Dawit,Seid,Apple,2/1/2015,N/A,https://www.linkedin.com/pub/dawit-seid/6/b52/83b,Experience with big data infrastructure,Data Engineer,,,,,,,,
2/9/2016,Jon,Shen,Ticketfly,4/1/2014,joneshen@gmail.com,https://www.linkedin.com/pub/jon-shen/42/1b7/8b4,Hadoop and data experience. East bay,Data Engineer,,,,,,,,
2/9/2016,Kun,Lu,ShareThis,12/1/2012,N/A,https://www.linkedin.com/pub/kun-lu/1/3a/762,"Hadoop, hbase experience",Data Engineer,,,,,,,,
2/9/2016,Kiran,Hariharan,Salesforce,5/1/2014,kiranhariharan@gmail.com,https://www.linkedin.com/in/kiranhariharan,"Hadoop, hbase, postgres experience",Data Engineer,,,,,,,,
2/9/2016,Srihari,Duddukuru,LinkedIn,3/1/2012,srihariduddukuru@gmail.com,https://www.linkedin.com/pub/srihari-duddukuru/46/578/179,"Significant experience designing and implementing big data and database solutions, storng finance experience",Data Engineer,,,,,,,,
2/9/2016,Sunil,Tripathy,Intuit,5/1/2012,suniltripathy@gmail.com,https://www.linkedin.com/pub/sunil-tripathy/0/a62/528,"Hadoop, hbase, hive experience. Fintech",Data Engineer,,,,,,,,
2/9/2016,Richard,Williamson,Silicon Valley Data Science,9/1/2013,superhadooper@gmail.com,https://www.linkedin.com/pub/richard-williamson/23/b/42a,"Hadoop, hbase, hive experience",Data Engineer,,,,,,,,
2/9/2016,Rekha,Thakur,LinkedIn,1/1/2014,thakurrekha@gmail.com,https://www.linkedin.com/in/rekhathakur,"Experience in data engineer roles, however her profile is a little light on description",Data Engineer,,,,,,,,
2/10/2016,Anirban,Rahut,Splunk,1/1/2013,arahut@gmail.com,https://www.linkedin.com/pub/anirban-rahut/1/307/897,Significant experience designing and implementing big data and database solutions,Data Engineer,,,,,,,,
2/10/2016,Brian,Donaldson,Amino,5/1/2015,briantd@gmail.com,https://www.linkedin.com/in/briantd,"Hadoop, hbase, hive experience",Data Engineer,,,,,,,,
2/10/2016,Raghu,Chaitanya Doppalapudi,Salesforce,1/1/2013,doppalapudiraghu@gmail.com,https://www.linkedin.com/in/doppalapudi,"Hadoop, hbase, hive experience",Data Engineer,,,,,,,,
2/10/2016,Eran,Kampf,Labgoo,5/1/2014,eran@ekampf.com,https://www.linkedin.com/in/erankampf,Big data experience and significant startup experience,Data Engineer,,,,,,,,
2/10/2016,Ganesh,Saravanan,Hotwire,8/1/2011,ganeshcbip@gmail.com,https://www.linkedin.com/in/ganeshcbip,"Significant hadoop, hbase, hive experience",Data Engineer,,,,,,,,
2/10/2016,Gregory,Rogers,Bazaarvoice,11/1/2013,N/A,https://www.linkedin.com/pub/gregory-rogers/1/271/a22,"Hadoop, hbase, postgres, ETL experience",Data Engineer,,,,,,,,
2/10/2016,Aatul,Guptey,athenahealth,3/1/2013,N/A,https://www.linkedin.com/in/aatul-guptey-22409a8?,"Hadoop, hbase, ETL experience",Data Engineer,,,,,,,,
2/10/2016,Hanjoo,Lim,Yahoo,11/1/2000,hjlim@yahoo.com,https://www.linkedin.com/in/hanjoolim,"Hadoop, hbase, hive experience",Data Engineer,,,,,,,,
2/10/2016,Jonathan,Antonio,Twitter,6/1/2015,jojoantonio@gmail.com,https://www.linkedin.com/in/jojoantonio,Significant DBA experience. Fintech,Data Engineer,,,,,,,,
2/10/2016,Lubomir,Petrov,Pivotal,4/1/2013,lpetrov@yahoo.com,https://www.linkedin.com/pub/lubomir-petrov/0/447/6b5,Significant experience designing and implementing big data and database solutions,Data Engineer,,,,,,,,
2/10/2016,Okehee,Goh,Apple,9/1/2015,okehee@gmail.com,https://www.linkedin.com/in/okehee,"Hadoop, hbase, hive experience",Data Engineer,,,,,,,,
2/11/2016,Anbalagan,Pugaleesan,Yahoo,6/1/2010,anbu78@gmail.com,https://www.linkedin.com/in/anbu78,"Big data, hadoop, cloud and devops experience. Could be a fit for devops role",Data Engineer,,,,,,,,
2/11/2016,Ajit,Tripathi,LinkedIn,4/1/2015,N/A,https://www.linkedin.com/pub/ajit-tripathi/9/290/767,"Hadoop, Pig, Teradata, fintech",Data Engineer,,,,,,,,
2/11/2016,Andy,Rhee,Illumina,6/1/2015,andyrhee98@gmail.com,https://www.linkedin.com/pub/andy-rhee/94/76a/476,"Hadoop, HBase experience",Data Engineer,,,,,,,,
2/11/2016,Cyril,Furtado,Oracle,9/1/2013,N/A,https://www.linkedin.com/in/cyrilfurtado,"Hadoop, big data experience",Data Engineer,,,,,,,,
2/11/2016,Anne,Yu,Cloudera,8/1/2014,anneyueml@gmail.com,https://www.linkedin.com/in/yuanne,"Hadoop, hbase, hive experience. Apache commiter",Data Engineer,,,,,,,,
2/11/2016,Narayan,Chalasani,Groupon,7/1/2015,chalasanisasi@gmail.com,https://www.linkedin.com/in/chalasanisasi,"Hadoop, hbase, hive experience",Data Engineer,,,,,,,,
2/11/2016,Chris,Riccomini,WePay,4/1/2015,criccomini@gmail.com,https://www.linkedin.com/in/riccomini,Hadoop and data viz experience. Fintech,Data Engineer,,,,,,,,
2/11/2016,Daniel,Dai,Hortonworks,7/1/2011,N/A,https://www.linkedin.com/in/jianyongdai,Big data experience and Apache committer. Profile not very descriptive,Data Engineer,,,,,,,,
2/11/2016,Danny,Yuan,Uber,12/1/2014,dannyyuan@gmail.com,https://www.linkedin.com/in/yuandanny,Hadoop and data experience,Data Engineer,,,,,,,,
2/11/2016,Ranjith,Kanakasabha,Cisco,3/1/2015,N/A,https://www.linkedin.com/in/ranjithkr2,"Big data, python experience. Could be a fit for devops",Data Engineer,,,,,,,,
2/11/2016,Jeff,Legge,Verve,5/1/2013,jetlag11235@gmail.com,https://www.linkedin.com/in/jetlag11235,Big data and data warehouse experience,Data Engineer,,,,,,,,
2/11/2016,Joe,Achett,HP,7/1/2007,N/A,https://www.linkedin.com/in/joeachett,"Big data, hadoop, hive experience",Data Engineer,,,,,,,,
2/11/2016,Siva,Jonnala,Walmart Labs,3/1/2008,jonnalasiva@gmail.com,https://www.linkedin.com/in/sivajonnala,"Hadoop, hive, database experience",Data Engineer,,,,,,,,
2/11/2016,Mallik,Bathula,Walmart eCommerce,6/1/2013,mbathula@gmail.com,https://www.linkedin.com/in/mbathula,"Big data, hadoop experience",Data Engineer,,,,,,,,
2/11/2016,Daryan,Ghandehari,Yahoo,1/1/2012,N/A,https://www.linkedin.com/in/daryan-ghandehari-8466b622?,"Hadoop, hbase, hive experience",Data Engineer,,,,,,,,
2/11/2016,Michael,Andrews,Socialcast,1/1/2011,mjands@gmail.com,https://www.linkedin.com/pub/michael-andrews/8/270/649,"Hadoop, hive, postgres experience",Data Engineer,,,,,,,,
2/11/2016,Simon,Chu,Walmart eCommerce,5/1/2014,simonchuweb@gmail.com,https://www.linkedin.com/in/simonychu,"Hive, HBase, startup, data viz experience. Could also be a fit for devops",Data Engineer,,,,,,,,
2/12/2016,Guoqiang,Wang,Yahoo,6/1/2009,asitecn@yahoo.com,https://www.linkedin.com/in/guoqiangwang,"Hadoop, hive, pig experience",Data Engineer,,,,,,,,
2/12/2016,Dave,Beckett,Rackspace,6/1/2013,dajobe@gmail.com,https://www.linkedin.com/in/dajobe,"Hadoop, hbase, hive experience. Also devops experience",Data Engineer,,,,,,,,
2/12/2016,Douglas,Campbell,ShareThis,12/1/2014,deegs_ca@yahoo.com,https://www.linkedin.com/in/deegsca,"Hadoop, hbase experience",Data Engineer,,,,,,,,
2/12/2016,George,Zhang,LinkedIn,7/1/2012,georgezhlw@gmail.com,https://www.linkedin.com/in/georgezhlw,"Hadoop, hive, DBA experience",Data Engineer,,,,,,,,
2/12/2016,Janardh,Bantupalli,LinkedIn,7/1/2012,janahyd@gmail.com,https://www.linkedin.com/in/janaonline,"Hadoop, hive, pig experience",Data Engineer,,,,,,,,
2/12/2016,Ping,Ma,Walmart Labs,2014,pingma@gmail.com,https://www.linkedin.com/in/maping,"Hadoop, hbase experience",Data Engineer,,,,,,,,
2/12/2016,Prakash,Ranade,Palo Alto Networks,1/1/2013,ranade2005@gmail.com,https://www.linkedin.com/in/prakashranade,"Hadoop, hbase, hive experience",Data Engineer,,,,,,,,
2/12/2016,Suresh,Antony,Enjoy,9/1/2014,santony73@yahoo.com,https://www.linkedin.com/pub/suresh-antony/0/7b8/800,"Hadoop, hbase, hive experience",Data Engineer,,,,,,,,
2/12/2016,Steven,Wong,Netflix,2009,skwslide@gmail.com,https://www.linkedin.com/in/stevenwong,"Hadoop, hive experience",Data Engineer,,,,,,,,
2/12/2016,Tom,Melendez,Google,8/1/2014,tommelendez@gmail.com,https://www.linkedin.com/in/supertomcom,Hadoop experience,Data Engineer,,,,,,,,
2/12/2016,Chris,Charles,BabyCenter,1/1/2016,N/A,https://www.linkedin.com/in/cwcharles,"Hadoop, hbase, hive, postgres, DW experience",Data Engineer,,,,,,,,
2/12/2016,Benoit,Sigoure,Arista Networks,7/1/2012,tsunanet@gmail.com,https://www.linkedin.com/in/tsuna,"Hadoop, hbase, hive experience",Data Engineer,,,,,,,,
2/12/2016,Henry,Oh,LinkedIn,5/1/2011,yingfengoh@gmail.com,https://www.linkedin.com/in/henryoh,"Hadoop, hive, Map Reduce, Pig experience",Data Engineer,,,,,,,,
2/12/2016,Kim,Chew,Narus,5/1/2013,N/A,https://www.linkedin.com/in/kchew,"Hadoop, hbase, hive experience",Data Engineer,,,,,,,,
2/12/2016,Greg,Roelofs,LinkedIn,11/1/2012,N/A,https://www.linkedin.com/in/gregroelofs,"Hadoop, distributed systems experience",Data Engineer,,,,,,,,
2/15/2016,Daning,Wang,Adchemy,3/1/2008,daningaddr@yahoo.com,https://www.linkedin.com/in/daning-wang-a283639?,"Hadoop, hive, cassandra experience",Data Engineer,,,,,,,,
2/15/2016,Bill,Coffman,Elastica,9/1/2014,N/A,https://www.linkedin.com/in/billcoffman,"Hadoop, hive experience",Data Engineer,,,,,,,,
2/15/2016,John,Lee,Netflix,2011,itsjohnlee@gmail.com,https://www.linkedin.com/in/leejohnc,"Hadoop, hive, pig experience",Data Engineer,,,,,,,,
2/15/2016,Jerry,Kim,Sysomos,10/1/2014,jerrykskim@gmail.com,https://www.linkedin.com/pub/kyung+seop-kim/1/31a/a4a,"Hadoop, hive, hbase, pig experience",Data Engineer,,,,,,,,
2/15/2016,Jinsong,Hu,Apple,10/1/2011,jinsong_hu@hotmail.com,https://www.linkedin.com/in/jinsong-hu-353a1b?,"Hadoop, hive, hbase experience",Data Engineer,,,,,,,,
2/15/2016,Joyce,Chen,Equinix,4/1/2015,joycechen09@yahoo.com,https://www.linkedin.com/in/joycechen09,Hadoop experience,Data Engineer,,,,,,,,
2/15/2016,Kris,Jirapinyo,Cision,6/1/2011,krispyjala@gmail.com,https://www.linkedin.com/in/kjirapinyo,Hadoop experience,Data Engineer,,,,,,,,
2/15/2016,Nikhil,Katkoriya,VMWare,8/1/2015,nikhil.katkoriya@yahoo.com,https://www.linkedin.com/pub/nikhil-katkoriya/19/891/210,"Hadoop, hive, hbase, pig experience",Data Engineer,,,,,,,,
2/15/2016,Adam,Phelps,OpenDNS,7/1/2010,randomvamp@gmail.com,https://www.linkedin.com/pub/adam-phelps/3/b9/b82,Hadoop experience,Data Engineer,,,,,,,,
2/15/2016,Scott,Ko,Apigee,12/1/2014,scottkko@gmail.com,https://www.linkedin.com/in/scottko,"Hadoop, hbase, cassandra experience",Data Engineer,,,,,,,,
2/15/2016,Hao,Zhang,Uber,6/1/2015,zhanghao8301@gmail.com,https://www.linkedin.com/pub/hao-zhang/3/b74/423,"Hadoop, hive experience",Data Engineer,,,,,,,,
2/16/2016,Avery,Ching,Facebook,9/1/2011,averyching@gmail.com,https://www.linkedin.com/in/averyching,"Hadoop, hive experience",Data Engineer,,,,,,,,
2/16/2016,Scott,Farrar,Apple,3/1/2011,dsfarrar@gmail.com,https://www.linkedin.com/in/dsfarrar,"Hadoop, pig, MapReduce experience",Data Engineer,,,,,,,,
2/16/2016,Eugene,Koifman,Hortonworks,4/1/2013,N/A,https://www.linkedin.com/pub/eugene-koifman/1/22a/1b8,"Hadoop, hive, hbase experience. Apache committer",Data Engineer,,,,,,,,
2/16/2016,Dong,Wang,Houzz,12/1/2015,dwoanngg@gmail.com,https://www.linkedin.com/in/dongwang218,Hadoop experience,Data Engineer,,,,,,,,
2/16/2016,Lin,Guo,LinkedIn,7/1/2010,guolin2001@gmail.com,https://www.linkedin.com/in/guolin2001,Hadoop experience,Data Engineer,,,,,,,,
2/16/2016,Laxminarayana,T,RocketFuel,2013,ltumuluru@yahoo.com,https://www.linkedin.com/in/laxminarayana-t-b23653?,"Hive, hbase experience",Data Engineer,,,,,,,,
2/16/2016,Manoj,Kumar,Yahoo,1/1/2010,manodz@hotmail.com,https://www.linkedin.com/pub/manoj-kumar/5/807/a0a,Significant big data and DBA experience,Data Engineer,,,,,,,,
2/16/2016,Mark,Lewandowski,Google,2/1/2014,markelewandowski@gmail.com,https://www.linkedin.com/pub/mark-lewandowski/6/63a/4ba,"Hadoop, cassandra, postgres experience",Data Engineer,,,,,,,,
2/16/2016,Jae,Hyeon Bae,Uber,4/1/2015,metacret@gmail.com,https://www.linkedin.com/pub/jae+hyeon-bae/25/249/787,"Hadoop, big data experience",Data Engineer,,,,,,,,
2/16/2016,Philip,Hontalas,Fourth Planet,7/1/2014,phontalas@gmail.com,https://www.linkedin.com/pub/philip-hontalas/1/1a9/605,"Hadoop, hbase, hive, cassandra, pig experience. Was on a work hiatus, recently back to work",Data Engineer,,,,,,,,
2/16/2016,Rekha,Joshi,Intuit,1/1/2012,rekhajoshm@gmail.com,https://www.linkedin.com/in/rekhajoshm,"Hadoop, hbase, hive, cassandra experience. Fintech",Data Engineer,,,,,,,,
2/16/2016,Jianhui,Zhang,Adchemy,1/1/2010,wuhuagua@yahoo.com,https://www.linkedin.com/in/jianhuizhang,"Hadoop, cassandra, MapReduce experience",Data Engineer,,,,,,,,
,Andrew,Anokhin,Adobe,6/1/2015,andrewanokhin@gmail.com,https://www.linkedin.com/in/andrewanokhin,"Hadoop, cassandra, hbase, hive experience",Data Engineer,,,,,,,,
,David,Giacomo,Pandora,7/1/2010,dgiacomo@gmail.com,https://www.linkedin.com/in/dgiacomo,"Hadoop, distributed systems experience. East Bay",Data Engineer,,,,,,,,
,James,Todd,Intuit,10/1/2013,jameswtodd@gmail.com,https://www.linkedin.com/in/jwtodd,"Hadoop, cassandra experience. Startup experience",Data Engineer,,,,,,,,
,Colin,Miller,Facebook,6/1/2015,jearil@gmail.com,https://www.linkedin.com/in/colintmiller,Hadoop experience,Data Engineer,,,,,,,,
,Parag,Nimjoshi,Workday,2/1/2014,paragn@gmail.com,https://www.linkedin.com/pub/parag-namjoshi%2C+phd/6/900/4a9,"Hadoop, hive experience. East Bay",Data Engineer,,,,,,,,
,Sudarshan,Lamkhede,Netflix,9/1/2015,sudarshanlamkhede@gmail.com,https://www.linkedin.com/in/sudarshanlamkhede,"Hadoop, pig experience",Data Engineer,,,,,,,,
,Vinay,Goel,Internet Archive,6/1/2006,vinaygo@gmail.com,https://www.linkedin.com/in/vinaygoel,"Hadoop, hive, hbase, pig experience",Data Engineer,,,,,,,,
,Yawei,Li,Uber,9/1/2014,yaweili@gmail.com,https://www.linkedin.com/in/yaweili,NoSQL and distributed systems experience,Data Engineer,,,,,,,,